Bean Exchange,701 S 7th St,19147
Burger King #923,100 W Erie Ave,19140
Au Bon Pain FH10,8500  Essington Ave SPC FH 10,19153
Broad Street Bar and Grill,1410 W Hunting Park Ave,19140
Burger King #926,5675 N Front St,19120
Bintou Mini Market,1754 S Chadwick St,19145
Aramark / SFS - Gourmet Grill,1101  Arch St,19107
Chestnut Hill Bocce Club,118 E Hartwell Ln,19118
Benny The Bum's Crab House and Bar,9991  Bustleton Ave,19115
Cafe Volo,4360  Main St,19127
CBP 206 South Philly Market,1001  Pattison Ave   206,19148
Butter's Soul Food To Go,2821 W Girard Ave,19130
Cafe Lutecia,2301  Lombard St,19146
Bottle Bar East,1308  Frankford Ave,19125
Cheu Noodle Bar,255 S 10th St,19107
Barry's Steaks & Hoagies,471  Leverington Ave,19128
Ashburner Inn,8400  Torresdale Ave,19136
Banana Leaf,1009  Arch St,19107
Cafe' Iroko,150  Rouse Blvd,19112
54th Fresh Donut & Cooked Seafood,1915 N 54th St,19131
Birra Pizza,1700 E Passyunk Ave,19148
3 Brothers Pizza,2621 E Ontario St,19134
Chickie and Pete's Cafe,11000  Roosevelt Blvd   2,19116
Asian Bamboo House,9456  State Rd,19114
AKI Sushi Inc,1210  Walnut St,19107
Checkers #482,5427  Oxford Ave,19124
"Aprons, Inc.",1621  Cecil B. Moore Ave,19121
Chickie & Pete's Cafe,4010  Robbins St,19135
5801 Lisa Inc. Bar,5801  Catherine St,19143
CBP 212 Shibe Park Eatery,1001  Pattison Ave   212,19148
19 Degree Cafe,1847  Christian St,19146
Adams Lanes Restaurant,649  Foulkrod St,19120
Becks Cajun Cafe,45 N 12th St,19107
Boo's Double Down Lounge,3000 N 26th St,19132
China Buddha Express,1881  Franklin Mills Cir,19154
CBP 110 Old City Creamery,1001  Pattison Ave   110,19148
Brass Rail,2300  Cecil B Moore Ave,19121
China House,306 S 52nd St,19143
CBP 109 Cobblestone Grill,1001  Pattison Ave   109,19148
12th Street Cantina,45 N 12th St   904,19107
Castle Roxx Cafe,105  Shurs Ln,19127
Bomb Bomb,1026  Wolf St,19148
Carroll Park Breakfast,1236 N 52nd St,19131
7- Eleven Convenience Store #35489,1319  Market Street,19107
Charles Plaza,234 N 10th St,19107
American Cafe,6101  Harley Ave,19142
#1 China,8743  Frankford Ave,19136
Checker's,3588  Aramingo Ave,19134
CD Cafe',2200  Benjamin Franklin Pkwy,19130
Anna Nosh Deli,3600  Market St,19104
Al Salam Pizza,5101  Germantown Ave   F,19144
A & S Deli,2848 S 17th St,19145
Chang Wang House,6649  Castor Ave,19149
CBP 137 Logan Square Pizza,1001  Pattison Ave   137,19148
Bob's Happy Hour Tavern,2301  Frankford Ave,19125
Al's Lunch,3127  Wharton St,19146
Cafe Twelve,212 S 12th St,19107
Breezy's Cafe,1200  Point Breeze Ave,19147
Blue Suede Saloon,2737 S 16th St,19145
Cafe Euro,7958  Bustleton Ave,19152
AMC Franklin Mills 14 Theatres,1149  Franklin Mills Cir,19154
56 St. Mini Market,61 N 56 St,19139
Bi's Restaurant,6515  Elmwood Ave,19142
CBP 117 South Philly 9th St Mkt,1001  Pattison Ave   117,19148
Akee Tree Jamaican Restaurant,6631  Woodland Ave,19142
Captain's Choice,3401  Longshore Ave,19149
Auntie Anne's (Terminal D),8500  Essington Ave,19153
Bar Ferdinand,1030 N 02nd St UNIT 101,19123
Angelina's Grocery,3901  Pennsgrove St FLOOR 1 Javiela,19104
Caputo's Pizzeria,4229  Main St,19127
Bridesburg Pizza,4776  Richmond St,19137
CBP 106 South Philly Market,1001  Pattison Ave   106,19148
Attica Night Club,6747  Castor Ave,19149
Buffalo Billiards,118  Chestnut St,19106
Blue Mountain Vineyards,45 N 12th St   1201,19107
Andrea's Restaurant,3615  Frankford Ave,19134
6000 Robin Inc T/A Woodland Village,6234  Woodland Ave,19142
Chickie's & Pete's ( Extension Terminal C31),8500  Essington Ave,19153
Border Springs Farm Lamb,51 N 12th St,19107
A Taste of Philly,8513  Germantown Ave   2004,19118
Asia on the Parkway Restaurant & Bar,1700  Benjamin Franklin Pkwy SPC  1,19103
"5951 Market St., Inc",5951  Market St,19139
Audrey Claire,276 S 20th St,19103
Applebee's Restaurant,8601  Henry Ave   d,19128
7-Eleven #33516,1215  Filbert St,19107
Angelo and Josephine's Food Market,4241  Main St,19127
Atiya Ola's Spirit First Foods,4505  Baltimore Ave,19143
Bei Jing Chinese Restaurant,3260  Red Lion Rd,19114
12th Street Gym Cafe,204 S 12th St   active,19107
Canton #1 Chinese Food,2817 W Girard Ave,19130
CBP 135 Headhouse Square Grill,1001  Pattison Ave   135,19148
CBP 233 South Philly Market,1001  Pattison Ave   233,19148
China Gate,3822  Morrell Ave,19114
Charlie B's,153 E Chelten Ave,19144
Caribbean Delight,1124  South St,19147
Acappella Cafe,725  Walnut St,19106
Cavanaugh's,119 S 39th St,19104
Beck's Cajun Cafe,1 N 30th St,19104
Boardwalk Pizza & Philly Steaks,9987  Bustleton Ave,19115
Billy's Chilly Pot,4738  Frankford Ave,19124
CBP Bulls BBQ,1001  Pattison Ave   404,19148
"Au Bon Pain Terminal E, Space E-14",8500  Essington Ave,19153
CBP 113 Breweytown,1001  Pattison Ave   113,19148
Broad Deli Inc,2200 N Broad St,19132
B.P. Convenient Store,6600  Essington Ave   Rita,19153
CBP 225 Columbia Park Cafe,1001  Pattison Ave   5.29.03,19148
Chili Szechuan,4626  Baltimore Ave,19143
Cafe Diem Inc,1031 S 08th St,19147
Caffe International,1824 S 13th St,19148
Bill's Old London Pizza Inc.,328  Loney St,19111
Big G's Original Non Stop Pizza,6601  Hegerman St,19135
601 Bar,601 N 56th St,19131
Cantina Laredo (Terminal E),8500  Essington Ave,19153
4 Seasons Food Court,1614  Chestnut St,19103
Bambrey Cafe,1548 S Bambrey St,19146
Asian Dong's Restaurant,8261  Bustleton Ave,19152
Berry Sweet Inc.,901  South St,19147
2842 Sina Inc,2842 W Girard Ave,19130
7 Eleven 2408-26291,2900 S 70th St,19142
BBQ Town,2142 W Sedgley Ave,19132
Brexel Hookah Lounge,305 N 33rd St,19104
Broad street Tavern,3648 N Broad St,19140
Cheung Food Center,5567  Spruce St,19139
B & E Ingram's Lounge,6812 W Chew Ave,19119
Cherry Street Tavern,129 N 22nd St,19103
Bike Stop Bar,204 S Quince St   active,19107
August,1247 S 13th St,19147
Capitol Restaurant,3149 N 22nd St,19132
Brownie's Pub,46 S 2nd St,19106
Carr's,1600 S 24th St,19145
CBP 112 Vending Commissary,1001  Pattison Ave   112,19148
Antonio's Pizza,2413 S 07th St,19148
Caribbean Delight Food II,5717  Woodland Ave,19143
Cherry Rose Cafe,4367  Cresson St,19127
Aquareal,11024  Rennard St,19116
1338 BT Inc,1338 W Cambria St,19132
Associated Polish Home,9150  Academy Rd,19114
Cedar's Restaurant,616 S 02nd St,19147
816 Deli,816 N 12th St,19123
Bizini's,1800  Lindley Ave,19141
Abramson Research Center Cafeteria,3416  Civic Center Blvd  1,19104
2358 Seng Enterprises Inc.,2358 N 15th St,19132
Cafe Old Nelson,1435  Arch St,19102
Abner's,3813  Chestnut St,19104
China Clover Restaurant,3807  Pulaski Ave,19140
Angela Mini Market,1701 E Bridge St,19124
Calvary Mission Community Development,6142  Haverford Ave,19151
Anthony's Cafe,319 E Girard Ave,19125
Big Jim Tucker Lounge,5329  Market St,19139
Bobby's 2 Pizza,601 S 60th St,19143
CBP 140 Vending Commissary,1001  Pattison Ave   140,19148
Best in Town,133 W Chelten Ave,19144
Audabon Bakeshop,145 N 11th St,19107
Amalia's Cafe,1431 W Passyunk Ave,19145
Big Bites,5733 N Broad St,19141
Auntie Anne's (Main),2951  Market St,19104
Chew Kitchen,5608  Chew Ave,19138
CBP 319 Germantown Ave.Grill,1001  Pattison Ave   6.23.01,19148
Bill's Family Pizza,8200  Frankford Ave,19136
Andonio's Diner,9244  Krewstown Rd,19115
Avenue Grill (Crowne Plaza Hotel),4010  City Ave,19131
Campbell's Place,8337  Germantown Ave,19118
Blind Pig,702 N 02nd St,19125
Buttercream,2015 E Moyamensing Ave,19148
Bainbridge Street Barrel House,625 S 6th St,19147
Applebee's #6903,9142  Roosevelt Blvd,19115
Barrel's Fine Foods,1725  Wolf St,19145
Cafe Albania,6609  Castor Ave,19149
Bekas Food Service,4431  Belgrade St,19137
China Gourmet Ming Inc,6391  Oxford Ave   A,19111
Blue Moon Restaurant,614 S 55th St,19143
Adrian's Sports Bar and Grill,5912  Germantown Ave,19144
AFC Sushi @ Union Food Court (La Salle),1900 W Olney Ave,19141
Bonte,922  Walnut St,19107
Caribbean Cuisine,6045  Baltimore Ave,19143
Burger King #983,2550  Welsh Rd,19152
Cafe L'Aube,1631  Wallace St,19130
Chick-Fil-A @ Drexel University Dining Terrace,203 N 34th St,19104
Black Poppy's 2 Hot Station,3000  Wharton Ave,19146
Amazon Cafe,200 S Broad St,19102
Angelo's Pizza,200 S Broad St FLOOR Basement 7,19102
Baklava Cafe',627  South St,19147
Aloha Restaurant & Tavern,1946 E Ontario St,19134
Bacchus Mkt & Catering,2300  Spruce St,19103
Bottom's Up Bar,4659 N 5th St,19140
2000 Express Deli,2201  Ridge Ave,19121
Cafe Haas,100 W Independence Mall,19106
318 Bar,318 S 60th St,19143
Brunettes Bookshop Bakery,8229  Germantown Ave,19118
Angelina's Pizza,4583  Tacony St,19124
4 Every Occasion,1821  Cottman Ave,19111
Ali's Middle Eastern,1835 N 12th St UNIT #5 ground,19122
Bridgid's Bar & Restaurant,726 N 24th St,19130
Amazing Hand Pull Noodle,935  Arch St,19107
B Side Hookah Lounge,241  Chestnut St,19106
Chi Mac Inc.,5533 N 05th St,19120
Cafe Victoria,1318  South Street,19147
Caridad Restaurant El Rel del Bistec,4107  Frankford Ave,19124
Aramingo Bingo,3501 N Cedar St,19134
Baby Grand Lounge,4420  Germantown Ave,19144
Buddakan,325  Chestnut St,19106
Bistro Cafe / Glaxo Smith Kline,200 N 16th St  3rd Fl,19102
Capt. Robert Tresville VFW Post 6700,2033 N 33rd St   ***,19121
2959 L & G Inc,2959 N Front St,19133
Artisan Boulanger Patissier,1648 S 12th St   X,19148
Chhaya,1823 E Passyunk Ave,19148
Arby's #6983,577  Franklin Mills Cir,19154
Auntie Anne's Pretzels (Main Store),901  Market St,19107
Big Eyes Sushi,700 S 7th St,19147
Carnitas Restaurant,4458 N 05th St,19140
Cake,8501  Germantown Ave   corner,19118
13th Street Pizza,209 S 13th St   1,19107
Breakfast Junction,1517 E Wadsworth Ave   b,19150
A & J Seafood Market,3148 N Broad St,19132
A Table Before Me,5126  Market St,19139
Benny's Steaks,1755 N 13th St   #2,19122
Avenida,7402  Germantown Ave,19119
Bassetts Turkey Express (Terminal E),8500  Essington Ave UNIT E E5,19153
Cantina Los Caballitos,1651 E Passyunk Ave,19148
C & S Deli,1346 N 52nd St FLOOR 1,19131
Checkers #627,5943 N Broad St   checkers,19141
Charthage Coffee,1431 E Passyunk,19147
CBP 232 Recreation Park Bar,1001  Pattison Ave   217,19148
2615 PL INC,2615  Cecil B. Moore Ave,19121
Bob's Crab House,301 W Allegheny Ave,19133
Checkers #629,1208 N Broad St   #629,19121
Bistro Romano,120  Lombard St,19147
Broad Street Ministry,315 S Broad St,19107
Alma De Cuba Restaurant,1623  Walnut St,19103
Bobby T's Cigar Bar,2601 E Venango St,19134
*ndulge cupcake boutique,4373  Main St,19127
As-salam,136 S 45th St,19104
Brock's Wings and Things,1600 N Broad St  #5 Suite #5,19121
Chef Ken's Cafe,7135  Germantown Ave,19119
Albert's Cafe,3180  Grant Ave,19114
Bach Dat,5520  Whitaker Ave,19124
Anthony's Restaurant,2524  Kensington Ave,19125
100 Allegheny INC,100 W Allegheny Ave,19133
Bobo's Restaurant,6424  Castor Ave,19111
Athenian Restaurant,6824  Torresdale Ave,19135
Cecil B. Deli,2638  Cecil B. Moore Ave,19121
Catalent Pharma Solutions,3001  Red Lion Rd,19114
Aramingo Best Pizza,2885  Aramingo Ave,19134
C & C Sunrise,1916 E Washington Ln,19138
Bella Stella,2900  Levick St,19149
B Bar,3630 N 17th St,19140
Cafe Sportivo,351 N 64th St,19139
22nd Street Cafe,1264 S 22nd St,19146
Alex's Pizzeria,400  Leverington St,19128
Aldo's Pizzarama,10201  Bustleton Ave   Pizza,19116
Cassizzi Pizza,2531 E Clearfield St,19134
Bayou Cafe,4245  Main St,19127
Chick A Lic,138 S 11th St,19107
Chelsea Lounge & Soho Pizza,218  Market St,19106
Brick House Bar & Grill,326  Roxborough Ave,19128
Belgrade Tavern,2537 E Somerset St,19134
Ben & Jerry's (Kiosk),2951  Market St   Amtrak Kiosk,19104
Chestnut 7,8201  Germantown Ave,19118
Calabash Restaurant and Banquet,6208  Lancaster Ave,19151
Bar,1309  Sansom St,19107
Asian Chao (B-C Connector) Space RC-10,8500  Essington Ave,19153
Accu Pizza,4802  Spruce St,19139
Bacio @ Chestnut Hill Farmer's Market,8229  Germantown Ave SPC 22,19118
Brown Sugar Bakery and Cafe,219 S 52nd St,19139
3 G Lounge,1176 N 03rd St,19123
Astoria II Restaurant,8336  Bustleton Ave,19152
Bellini Grill,220 S 16th St,19103
Cedar Park Cafe,4914  Baltimore Ave,19143
Bassett's Ice Cream,45 N 12th St   606,19107
Brodo,30 S 17th St   Suite #140,19103
Better Meadowlane BBQ,3642 N Broad St,19140
Amoco Split Second   #4517,2901  Abbottsford Ave,19129
700 SE Inc.,700  Snyder Ave,19148
Casino Deli,2425  Welsh Rd,19114
Bubu Deli,5756  Baltimore Ave,19143
Aku's Kitchen,5938  Chestnut St,19139
Arts Bar,340 N 12th St,19107
Cafe Breezes,5131 W Columbia Ave,19131
Cafe Huong Lan,1037 S 8th St,19147
All J's Deli,1558 E Lycoming St,19124
65 Pumpkin,2139 W 65th St,19138
B K Pizza Inc,6438  Rising Sun Ave,19111
Boston Market (0041),4600  City Ave FLOOR 1 Boston,19131
3rd Street Cafe,444 N 03rd St FL 1,19123
Burger King #2419,2900  Island Ave,19153
Barbuzzo Restaurant,110 S 13th St,19107
Burger King # 13000,1521 S Columbus Blvd,19146
Au Bon Pain,1000  Chestnut St   Street,19107
Broad Street Diner,1135 S Broad St,19147
CBP 230  Connie Mack's Bar/Bistro,1001  Pattison Ave   230,19148
Caribbean Feast,1338  Rising Sun Ave,19140
Arch Gourmet,2200  Arch St  103,19103
700,700 N 02nd St,19123
American Sardine Bar,1800  Federal St,19146
Bob & Stan's Rib House BBQ,4610 N Broad St,19140
8 Brothers Supermarket,1930 S 65 St,19142
Brick American Eatery,1708  Lombard St BLDG,19146
Bottom Of The Sea,4142  Lancaster Ave,19104
Charcoal Grill & Coffee,6321  Rising Sun Ave,19111
Brandywine Pizza,532 N 15th St,19130
Cai Fa,5934  Haverford Ave,19151
CBP 147 Tony Luke's,1001  Pattison Ave   147,19148
53rd Coin Laundromat,1300 S 53rd St,19143
C.J. Mulligans,6453  Frankford Ave,19135
Aunt Orphia's Poundcake Cakery,5815  Wayne Ave,19144
Annie's Seafood,6600  Haverford Ave,19151
Cai Wang House Restaurant,150 W Fisher Ave,19120
5th Street Cafe,4900 N 05th St,19120
Anna's Variety Store,4424  Princeton Ave,19135
Cafe Coco,1735  Market St LOWR  Concourse Level,19103
Caffe Chicco,2532 S Broad St,19145
Branzino's,261 S 17th St,19103
Burger King,5823  Castor Ave,19149
Alla Spina,600 N Broad St,19130
Applebee's Neighorhood Grill,2501  Aramingo Ave,19125
Caffe Valentino,1245 S 03rd St,19147
Academia del Caffe,1327  Chestnut St   Retail area #2,19107
Bubby's Brisket & Bugsy's Weiners,103 N 15th St,19102
CBP 329 Brewerytown,1001  Pattison Ave   6.39.02,19148
Candy Store,634 W Oxford St,19122
Belfield Deli,1757  Belfield Ave,19141
Auntie Anne's (B-C Arrival),8500  Essington Ave,19153
Bleu Sushi 2,262 S 10th St,19149
Archway,48 N 08th St,19107
Artigiano Pizza,3804  Morrell Ave,19114
Billy Doc's Diner,4056  H St,19124
C and T DELI,4800 N C St,19120
Big Mike's Steaks and Pizzas,6099  Passyunk Ave,19153
Cheng Long Chinese Restaurant,3135 N Front St,19133
Broadway Pizza,284 S 52nd St,19139
Beijing Garden,5911  Ridge Ave   chinese,19128
BIlly Blues Irish Sports Pub,1559 E Hunting Park Ave,19124
7-Eleven #33305,1201  Chestnut St,19107
Casbah Caterers,3461 E Thompson St,19134
Charlie's,5346  Woodland Ave,19143
Barcade,1114  Frankford Ave,19125
Cafe Italia,1424  Snyder Ave,19145
Cambridge,1508  South St,19146
CBP 204 Old City Creamery,1001  Pattison Ave   403,19148
Animo Juice & Burrito Bar,1701  Arch St LOWR,19103
Castle Restaurant,5440 N 05th St   a,19120
2769 C & L Enterprises,2769 N 24th St,19132
Banh Mi Viet French,320 W Oregon Ave,19148
African Small Pot,6505  Woodland Ave,19142
Charleston Market,1755 N 13th St   2,19122
Archie's  Restaurant,1030 S 8th St,19147
Ashley's Takeout,1904 E Chelten Ave,19138
Campo's @ Market,214  Market St,19106
Cafe Express,1800  Market St   CE,19103
63rd Street Cafe,6249  Market St,19139
Annenberg Lucky Cup,2020 N 13th St,19122
Checkers,4813  Lancaster Ave  1 A,19131
Cavanaugh's Rittenhouse,1823  Sansom St,19103
Chhan Eap,253 S 60th St,19139
Blue Nile Falls,720 S 52nd St,19143
Bella's Breakfast & Lunch,2159  Ridge Ave   2159,19121
CBP 330 Old City Creamery,1001  Pattison Ave   6.39.01,19148
Burg's Lounge,1200 S 21st St,19146
Aunt Annie's International Cusine,122 S 60th St,19139
Amoco Food Shop #4516,5643  Ridge Ave,19128
Aqua Malaysian &Thai; Cuisine,705  Chestnut St,19106
67th Street Cafe,6650  Dicks Ave,19142
CBP 016 Phillies Clubhouse Kitchen,1001  Pattison Ave   016,19148
Casa Del Marisco,4301 N 5th St,19140
Bottom of the Sea,714  South St,19147
Al's Spot,2540 N 15th St,19132
Capriccio Espresso Bar (Kiosk),840  Walnut St   Kiosk,19107
Bumblefish,1710  Grant Ave,19115
Andy's Deli,3859  Aramingo Ave,19137
2501 West Sterner,2501 W Sterner St,19132
Azalea-Omni Hotels,401  Chestnut St  2 Rest,19106
Bora Cafee,7959  Castor Ave UNIT A,19152
Bangkok Thai 9,2028  Chestnut St LOWR,19103
Beer Heaven,1100 S Columbus Blvd,19147
Bistro La Minette,623 S 6th St,19147
Avance,1523  Walnut St,19102
Catahoula,775 S Front St,19147
Bodhi Coffee,410 S 2nd St,19147
Bill's Steaks & Hoagies,1312  Sansom St,19107
Axis Pizza and cafe,20 S 36th St,19104
Bo Wah Restaurant,7008  Elmwood Ave FLOOR 1 n,19142
Al Sham Restaurant,6738  Bustleton Ave,19149
1601 V + W Inc. (Libertad Lounge),1601 N 05th St,19122
Chick-Fil-A (Gallery),901  Market St SPC T-10,19107
Asia Chinese Restaurant,6605  Chew Ave,19119
Blue Jay Restaurant,2900 W Girard Ave,19130
Brasils/Heat Nightclub,112  Chestnut St,19106
Central Pizza,335 E Girard Ave,19125
All about Seafood,5352  Woodland Ave,19143
Ben & Betsy's,401  Chestnut St,19106
CBP 011 Beer Pump # 1,1001  Pattison Ave   011,19148
Boutros Greek & Middle Eastern,200 S Broad St,19102
Checker's #481,2008 W Oregon Ave,19145
Brother's House Pizza II,4948  Rising Sun Ave,19120
Bridge & Pratt Cafe,5207  Frankford Ave,19124
Baltimore Deli,5147  Baltimore Ave   xuanlaminc,19143
Cafe Nola,414 S 02nd St,19147
"AYJ Enterprise, Inc",6426  Castor Ave,19149
Bob's Diner,6053  Ridge Ave,19128
Bravo Breakfast & Lunch,4106  Lancaster Ave,19104
Carlos Place,1960 N 02nd St,19122
777 Supermarket,1655 S 29th St   A,19145
Big Charlie's Saloon,1953 S 11th St,19148
Burger King #2182,2400  Castor Ave   BK,19134
Bridget Foy's South Street Grill,200  South St,19147
B & B Grill,5601  Germantown Ave,19144
Bonnie's Capistrano,1503 S 13th St,19147
Angela's,9936  Roosevelt Blvd,19115
Aya's Pizza,7144  Elmwood Ave,19142
BP/Dunkin Donuts,4004  Woodhaven Rd   4046,19154
Center Fold Lounge,1602 W Passyunk Ave,19145
Bravo Deli & Seafood House,5734 N 2nd St,19120
Capital One 360,1636  Walnut St,19103
Broad St Pizza & Grill,2124 S Broad St,19145
Ana Grocery,1262 S 49th St   2005,19143
Checkers  #C487,232 W Lehigh Ave   232,19133
Charley's Philly Steaks,901  Market St,19107
C&K; Food Market,5836  Torresdale Ave,19135
Boom Box Deli,4752 N 11th St,19141
Auntie Anne's (Amtrak),2951  Market St,19104
Central Chinese,3065 N Front St,19133
Blessing Restaurant,2240 S 63rd St,19142
Cafe Nu Ngoc,404 E Wyoming Ave,19120
Checkers #334,7115  Stenton Ave   checkers,19138
3100 Xanadu Sports Bar,3100 N 06th St   Alleg /Clearfield,19133
Alhambra Cafe,607 S 03rd St,19147
American Red Cross,700  Spring Garden St,19123
Allegheny Kitchen Chinese Restaurant,3200 N Fairhill St,19140
China Budda Restaurant,1920  Franklin Mills Cir,19154
CCP Bonnell Coffee Express,475 N 17th St,19130
Black & Brew,1523 E Passyunk Ave,19147
Bobs House Of Crabs,2935 W Lehigh Ave,19132
Cafe Spice Express,1625  Chestnut Street,19103
Brown Betty Dessert Boutique,722 N 02nd St,19123
Best China Inn Restaurant,4423  Locust St,19104
"Bottles, Packs & Growlers",701 E Cathedral Rd,19128
Burger Fi,44 N 12th St,19107
Asia Express,7246  Castor Ave,19149
Aqua-Asian Bistro,120 S 15th St,19102
A Unique Learning Experience,635 W Hunting Ave,19140
Chew Deli,6302 W Chew Ave,19138
Bustleton Swim Club Snack Stand,9801  Krewstown Rd,19115
Billy Murphy's Irish Saloon,3333  Conrad St,19129
Checkers Drive-In Restaurant #6371,2729 W Hunting Park Ave,19129
Bassett's Turkey and Deli (Terminal B),8500  Essington Ave UNIT  Term.,19153
2nd Street Brew House,1700 S 2nd St,19148
88 Laundromat,2010  Dickinson St,19146
Castor Bar & Grill,6641  Castor Ave,19149
Chik-fil-a (B-C connector),8500  Essington Ave,19153
A. Bar,1737  Walnut St LOWR,19103
CCP Colonial Cafe,1700  Spring Garden St,19130
Checkers # 3377,5129  Market St,19139
Angellus Pizza,101 E Ritner,19148
12 Steps Down,831 S 09th St,19147
Brownie's Par Four Bar,7173  Ogontz Ave,19138
Cafe Saigon,811  Adams Ave,19124
Atlantis - The Lost Bar,2442  Frankford Ave   a,19125
Bella Trattoria,4258  Main St   016,19127
Cafe Fulya,727 S 02nd St,19147
A & A Grocery Store,5030  Haverford Ave,19139
Applebee's Neighborhood Grill & Bar,7560  City Ave,19151
Burrito Elito (Terminal C),8500  Essington Ave   C-6,19153
Casa Brasil,6222  Bustleton Ave,19149
Anna Marie's Bar,2654 S 07th St,19148
Bacio,311 W Mt. Pleasant Ave,19119
Big Fella's Sports Bar,1348 S 33rd St,19146
Amoco - BP,1850 S Columbus Blvd,19148
Big K Mart,901  Market St,19107
Champs Corner,1539  Cecil B Moore Ave,19121
CBP 207 Cobblestone Grill,1001  Pattison Ave   207,19148
Ants Pants Cafe,2212  South St,19146
Adobe Cafe,1919 E Passyunk Ave,19148
Bistro St. Tropez,2400  Market St STE 4th Floor,19103
China Dragon,2763 N Reese St LOWR,19133
Calypso Cafe,7122  Germantown Ave,19119
Beat  Street  Station,4401 N Cresson St,19127
Alaska King Crab House,4834  Lancaster Ave,19131
Chester Pizza,5504  Chester Ave,19143
Cantina Dos Segundos,931 N 02nd St,19123
7th & Fairmount,623  Fairmount Ave,19123
Chang Sam Chinese Restaurant,5008  Germantown Ave,19144
Barone How Ya Doin' Deli,1515  Porter St,19145
6400 Red Sea Bar,6400  Vine St,19139
Bally's II Pizza,7903  Ogontz Ave,19150
Arabian Breeze,3651  Lancaster Ave,19104
Cesar's Mini Market,5934  Race St,19139
CBP 120 Hatfield Grill,1001  Pattison Ave   120,19148
Byblos & Vango Lounge,116 S 18th St   114-116,19103
Barra,239  Chestnut St,19106
2NE2 Breakfast Restaurant,2928 N 22nd St,19132
Cappy Cafe II,6901  Frankford Ave,19135
ATL Wings Your Way,524 S 04th St,19147
Aya Asian Fusion LLC,7313  Frankford Ave,19136
Cafe Lift,428 N 13th St,19123
301 E Allegheny  Inc,301 E Allegheny Ave,19134
Bishop's Collar,2349  Fairmount Ave,19130
Buddha Mountain Noodle Bar,21 S 05th St SPC 113,19106
California Tortilla,10000  Roosevelt Blvd,19116
Asian Chopsticks,4000  Woodhaven Rd STE 16A,19154
Blue Cat,1921  Fairmount Ave UNIT C-3,19130
Best In Town Pizza,7971  Castor Ave,19152
Charlie's Little Spot,1945  Stenton Ave,19138
Boat House Bar,1966 E Bridge St,19124
Bryn Mawr Pizza II,7572  Haverford Ave,19151
7 Eleven Store 2408-36107A,847 S 02nd St,19147
Al's Corner Deli,7940  Torresdale Ave,19136
CBP 323 S Philly 9th St Mkt,1001  Pattison Ave   323,19148
32nd Street Pub,3200 W Allegheny Ave,19132
Brauhaus Schmitz,718  South St,19147
Action Pizza,7202  Ogontz Ave,19138
Anthony's Italian Coffee House,903 S 09th St,19147
Banh Mi Cali,900  Arch St,19107
4th Street Cafe,213 N 4th St,19106
Cafe Ole,147 N 03rd St,19106
Brulee Catering,1 N Independence Mall St   01,19106
B J Lounge,4027  Lancaster Ave,19104
Alibaba Palace,4165  Main St,19127
Cantinho Braslero,7536  Castor Ave,19152
ACP - ASIM,636  Race St,19106
Cafe Roberto,2108  South St,19146
7-11,1823  John F Kennedy Blvd,19103
Big A Bar,1720 W Moyamensing Ave,19145
Bravo Pizza and Halal Food,3748  Germantown Ave,19140
40 Stop Mini Market,4001  Market St,19104
Chickie's & Pete's,1526  Packer Ave,19145
1900 Cafe Inc.,1900 S 21st St,19145
Cafe Liz,5437 N Lawrence St,19120
Baltimore Crab and Seafood,4800  Spruce St,19139
Angelino's  Pizzeria Restaurant,849 N 25th St,19130
Amis,412 S 13th St,19147
Burger King #1613,6100  Frankford Ave,19135
Beijing  Chinese Take Out Restaurant,4900  Rising Sun Ave,19120
Aaliyah's Place,1525  Arrott St,19124
Anastasi Seafood Restaurant,1101 S 09Th St,19147
Bap Philly,1224  South St,19147
CBP 213 Baker Bowl Bistro,1001  Pattison Ave   213,19148
23rd Street Cafe,233 N 23rd St,19103
CCP Northeast Cafe,12901  Townsend Rd,19154
Best Cake Bakery,7594  Haverford Ave,19151
61st & Buist Food Market,2561 S 61st St,19142
Chick-fil-A,2310 S Columbus Blvd,19148
Amoco Split Second #4657,4268  Ridge Ave,19129
BingoRama Snack Bar,7015  Roosevelt Blvd,19149
5701 Kuch Inc,5701  Woodland Ave,19143
63rd Street Pizza,6300  Wheeler St,19142
500 Degrees F,124 S 15 St,19102
54th St. Food Market,1823 N 54th St,19131
Barnes & Noble Cafe,1505  Race St,19102
Carnival Pizza,7806  Limekiln Pike,19150
Capt. William M. Slowe VFW Post #3090,5212  Race St,19139
Beka's Cafe at Chemistry Building of U of Penn,231 S 34th St,19104
Brothers' Sports Bar,3401 N Water St,19134
Casper's Place,3510  Cottman Ave,19149
Au Bon Pain  (Terminal C),8500  Essington Ave UNIT C Term C - 9,19153
American Legion Post #21,6400  Paschall Ave,19142
All Season Deli,1216 N Broad St   B,19121
Asian Cuisine,5517  Lindbergh Blvd,19143
Champagne Bar,21 E Chelten Ave,19144
Auntie Anne's (Septa),2951  Market St,19104
Cafe Soleil,3535  Market St,19104
Abby Desert Lounge,4704  Baltimore Ave,19143
Arts Ballroom & Events Center,1324  Locust St,19107
Bargain Market Deli & Grocery,100 N 60th St,19139
AM FoodMarket,1201 N 52nd St,19131
A & A Steaks,6301  Haverford Ave,19151
Big Garden,2000 E Ontario St,19134
8-Twelve Mini Market,525 S 05th St,19147
Brother's Breakfast & Lunch,137 W Chelten Ave UNIT B,19144
Boot and Saddle,,19147
Casa Del Dolce,8000  Castor Ave,19152
Alcantara Grocery,927 E Westmoreland St,19134
"Brown Betty Dessert Boutique, Liberty",1625  Chestnut St,19103
CBP 139 Fairmount Fries,1001  Pattison Ave   139,19148
Asia Bakery,115 N 10th St   1,19107
Caffeination,2100  Chestnut St LOWR,19103
Asia Cafe,5694  Rising Sun Ave   2,19120
624 Atena's Bar,624 W Cumberland St,19133
7th Street Morris Food Market,1700 S 07th St,19147
Blank Rome LLP,1  Logan Sq   BR,19103
Carmen's Pizza & Restaurant Inc.,668 E Wensley St,19134
Bonner's Irish Pub,120 S 23rd St,19103
Brick Oven,1755 N 13th St FLOOR 2 #11,19122
Cafe Lava,13033  Bustleton Ave,19116
Chicken Master,2825 W Girard Ave,19130
C and Y Deli,5426  Chester Ave,19143
Au bon Pain,1617  JFK Blvd,19103
3 Elements,2501 N 02nd St,19133
Cafe Soho,468 W Cheltenham Ave,19126
American Food Store,8001  Castor Ave,19152
China Cafe,3169  Reach St,19134
Bain's Deli,1500  Spring Garden St,19130
Blarney Stone Tavern,2634 E York St,19125
Baby Blues BBQ,3402  Sansom St  3404,19104
Beijing Restaurant,909 E Cayuga St,19124
All Star Pizza,5154  Ridge Ave,19128
Casselli's,7620  Ridge Ave,19128
Arby's,2560  Aramingo Ave,19125
Asian Garden,4047  Market St,19104
Caffe Italino,1871  Cottman Ave,19111
Bitar's Specialty Food Market,947  Federal St,19147
China Fun,9813  Bustleton Ave,19115
Cake and the Beanstalk,1112  Locust Ave,19107
Chabaa Thai Bistro,4371  Main St,19127
Chestnut Grill & Sidewalk Cafe,8229  Germantown Ave   hotel-C,19118
58 Delancey Food Market,5800  Delancey St,19143
Bull Shooter Saloon,14000  Bustleton Ave,19116
B & J Cold Beer & Chinese Restaurant,5568  Spruce St,19139
CBP 318 Phanatic Phamily,1001  Pattison Ave   6.22.01,19148
Baynard's Bar,1216  S. 17th St,19146
A.M. Five Star Cuisine,137 W Chelten Ave,19144
Avenue Scoop,932 E Passyunk Ave,19147
Atlantic Pizza,1401 S 12th St,19147
1201 Bar,1201 S 28th St,19146
8 Brothers Market & Deli,1733  Dickinson St,19146
B.B.Q. Town,7711  Ogontz St,19150
Auntie Anne's (Terminal B),8500  Essington Ave,19153
Bravos Pizza,6702  Torresdale Ave,19135
Aqui Me Quedo Yo,2737 N Howard St,19133
CBP 243  Harry the K's  2nd level,1001  Pattison Ave   243,19148
Adriatic Grill Inc.,1835 N 12th St UNIT #3 #3,19122
Allegro Pizza,4160  Monument Rd FLOOR 1 Allegro,19131
Bistro 7,7 N 03rd St,19106
Baskin Robbins #00455,7606  City Ave,19151
Bistro La Baia,1700  Lombard St,19146
China Garden,8103  Stenton Ave,19150
Checkers # 783,8001  Roosevelt Blvd,19152
Chick-fil-A  Restaurant,2301 E Butler St,19137
Aldo Lamberti Trattoria - (Terminal C),8500  Essington Ave,19153
Bianca Pizza Tratorria,514  South St,19147
Carnaval Pizza IV,4222  Lancaster Ave,19104
"Charlie's Country Ribs,Inc",2528  Diamond St,19121
A Mandarin Restaurant,2102  Chestnut St,19103
Castor Pizza,6038  Castor Ave,19149
809 Sport Bar Inc,3405 N 2nd St,19140
A&W;/Taco Bell Express #22808,3401  Walnut St   A&W;,19104
Angie Manyeah's Kitchen,618 S 52nd St,19143
Capogiro,119 S 13th St,19107
Balkan Express,2237  Grays Ferry Ave,19146
Cano's La cabana,740 W Erie Ave,19140
Calamari Grill,2905  Holme Ave,19136
16th Street Seafood,1542  Tasker St,19145
Cavanaugh's River Deck,417 N Delaware Ave,19123
Charlie B.'s,4948 N Broad St,19141
Center Bowling Lanes,7550  City Ave,19151
Chiarella's Ristorante,1600 S 11th St,19148
Bon Go,6783 N 5th St,19126
Barbary,951  Frankford Ave,19125
Cafe Roma Bakery,6147  Ridge Ave,19128
Champs Restaurant & Bar,2100 S Columbus Blvd,19148
Cherry Cafe,1601  Cherry St STE 120,19102
A & R Food Market Inc.,1550 S 53rd St,19143
ASPIRA Inc. of PA,4322 N 5th St,19140
Charley B's II,6402  Stenton Ave,19150
Al Zaytouna,906  Christian St,19147
Asiana Cuisine Enterprise in Superfresh,1851 S Columbus Blvd   deli counter,19148
Cameron Seafood,906 N Broad St   South,19130
Chickie's Italian Deli,1014  Federal St,19147
Baez Zapata Mini Market,2630  Dickinson St,19146
Chickie's & Pete,1  Lincoln Finacial Field Way SPC Section 133 Level 100,19148
7 Brothers Food Market,5100  Brown St,19139
Chili's Grill & Bar,3801  Chestnut St   corner,19104
CBP 218 Cooperstown Cafe,1001  Pattison Ave   218,19148
BP Amoco Station,5026  Wynnefield Ave,19131
AKA. Rittenhouse Square,135 S 18th,19103
Che Bar and Grill,6364  Stenton Ave,19138
Carina Tea & Waffles,3701  Chestnut St,19104
62nd Kims Market,6201  Market St,19139
Amins Pizza,6058  Market St,19139
BoDan's Pub,6804  Martins Mill Rd,19111
CBP 018 Visitors Clubhouse Kitchen,1001  Pattison Ave   018,19148
CBP 321 Old City Creamery,1001  Pattison Ave   321,19148
"1630 Un, Inc.",1630 W Lehigh Ave,19132
Bredenbeck's Bakery,8126  Germantown Ave,19118
Bentoulis Pizza,1226 E Hunting Park Ave,19124
Al Baraka Live Poultry and Meat Market,1425 W Lycoming St,19140
California Pizza Kitchen,4040  City Ave   building #1,19131
Bi-Rite Deli,3218  Red Lion Rd.,19114
Buffalo Wild Wings,9701  Roosevelt Blvd,19114
Bru Craft & Wurst,1318  Chestnut St,19107
Atlantis Gentleman's Club,3801  Chestnut St,19104
1920 Commons Resident Hall Dining,3800  Locust Walk,19104
Atlas Pizza,736 S 52nd St,19143
APG Texas Weiners,47 N 13th St,19107
Arab Social Club,6909  Frankford Ave,19135
CAFE INDIA AT 5TH,522 S 5th St,19147
Angelo's Pizza House,3901  Frankford St,19124
Angela Chinese Restaurant,255 W Queen Ln,19144
Bobby's Burger Palace,3925  Walnut St,19104
Amada,217  Chestnut St,19106
Bally's Pizzeria,5200 N Mascher St,19120
Angelica Herrera Grocery Store,1947  Wharton St,19146
Biba Cafe Wine Bar,3131  Walnut St,19104
Bridge Deli,1640  Bridge St,19124
Angkor Restaurant,5520  Whitaker Ave,19124
Abyssinia Ethiopian Restaurant,229 S 45th St,19104
7-Eleven,2  Penn Center Blvd FLOOR 1 7-11,19102
Breakfast Time,5738  OldYork Rd,19141
Asian American,2400 N Broad St,19132
Bleu Martini,22 S 02nd St,19106
Castello Pizzeria,6700  Rising Sun Ave,19111
Cafe Phuong Thanh,5207 N 05th St,19120
Cafe Con Chocolate,2100 S Norwood St   Coffee Shop,19145
Cafe Chismosa,900 N 04th St,19123
Cafe Metro,100 S Broad St  Suite 1418,19110
Abreu Super Deli,6059  Castor Ave,19149
Cheers Cafe,2601 E Westmoreland St,19134
Auntie Anne's,1625  Chestnut St,19103
5th Diner,6775 N 5th St,19126
Beijing House,6800  Old York Rd,19126
Bonks Bar & Grille,3467  Richmond St,19134
Cafe Pho Le,1620 W Passyunk Ave,19145
CBP 320 High & Inside Pub,1001  Pattison Ave   320,19148
Amanah Grocery,1501  Germantown Ave,19122
Art Cafe Suzanne Restaurant,1916  Welsh Rd,19115
Asmara Conxion,6521  Haverford Ave,19151
Cavs Head House,421 S 2nd St,19147
Broad Garden Chinese Restaurant,2823 N Broad St,19132
A&M; New England Style Pizza,6728  Bustleton Ave,19149
Burger King # 2545,2725 S Front St,19147
Chill on the Hill,5 E Highland Ave,19118
Cafe Bravo,21 S 5th St   Kiosk,19106
Aspetto Pizza,1514  Wadsworth Ave,19150
Big Ben Pizza,7266  Rising Sun Ave,19111
A & L Grocery Market,5701  Chester Ave,19143
Chickies & Pete's @ Citizen's Bank Ballpark,1  Citizens Bank Way,19148
Burholme Golf & Family Entertainment Center,401 W Cottman Ave,19111
Catholic Philopatrian LITERARY INSTITUTE,1923  Walnut St,19103
Adriano's Cucina Italiana,13023  Bustleton Ave,19116
2 in One Cafe,5045  Wissahickon Ave,19144
Cheer Leaders,2740 S Front St,19148
Bridgewater's Pub,2951  Market St   Bridgewater,19104
Bufad,1240  Spring Garden St,19123
Big Al's Italiano,8212  Roosevelt Blvd   A,19152
AJW Jamaican & American Food,4507 N Broad St,19140
5708 Germantown Deli,5708  Germantown Ave,19144
7- Eleven Store 2408-20854G,7720  Ogontz Ave,19150
Aegean Estiatorio,1405  Locust St,19102
Chestnut Hill College,9601  Germantown Ave   a,19118
63rd St. Deli & Grocery,801 N 63rd St   2006 Deli,19151
3 J's Cafe,1822  Spring Garden St UNIT B,19130
Carribean and American Space B ( Jerry Corner),6098  Passyunk Ave   located on right side when entering Jerry's Corner,19142
51 Race Food Market,5101  Race St,19139
Benna's Cafe,1236 S 08th St,19147
Chestnut Fresh Donuts,5206  Chestnut St,19139
Brilliant Pizza Company,1211  Chestnut St   na,19107
Chelten Master Grill,1912 E Chelten Ave,19138
54th Stop Deli,5424  Woodland Ave,19143
Casa de Espana Bar & Restaurant,4210  Whitaker Ave,19124
Burger King #00431,9220  Frankford Ave,19114
Bliss Restaurant,220 S Broad St,19102
Bailey's Bar,1500 S Bailey St,19146
200 JJ's Lounge,200 W Duncannon Ave,19120
642 Cafe,642 N Broad St,19130
7-11 (22479),3401  Lancaster Ave  1,19104
Alyan's,603 S 04th St,19147
Cambria Street Cafe,2901 N 27th St,19132
Akira Sushi,15501  Bustleton Ave SPC E,19116
Beaumont Lounge,1622 S 58th St,19143
Arthur's Dog House,2650  Germantown Ave,19133
B2,1500 E Passyunk Ave,19147
China  One,1336 W Girard Ave,19123
Barclay Prime Restaurant,237 S 18th St,19103
Brother's Two,1428  Ritner St,19145
Butcher and Singer,1500  Walnut St   203,19102
Charles Young American Legion Post #682,159 E Sharpnack St,19119
AFC Sushi @ Drexel University,203 N 34th St   Kelly Hall,19104
Bob & Barbara's Lounge,1509  South St,19146
Boston Market #0381,7240  Torresdale Ave,19135
C. J. & Eck's Manayunk,384  Shurs Ln,19128
Chestnut Hill Coffee Company,3300  Henry Ave FRNT,19129
24th Street Deli,1501 S 24th St,19146
CBP 205 Vendor Commissary,1001  Pattison Ave   389,19148
Blue Belly,600  Catherine St,19147
Beiler's Doughnuts & Salads,1126  Arch St,19107
Chapterhouse Cafe,620 S 09th St,19147
Best Wok Restaurant,538  Rising Sun Ave,19140
Checker's Restaurant,4322  Market St,19104
CBP 208 Hatfield Grill,1001  Pattison Ave   208,19148
Cafe Rue 52,503 S 52nd St,19143
Andeliz Mini Market #2,3600  Frankford Ave,19134
4 Seasons Grill,3503 N B St,19134
Cedar Point,2370 E Norris St,19125
C'est La Vie,1502  Brown St,19130
Aloft,4301  Island Ave,19153
Cherry Lounge,1201  Race St,19107
Agno Grill,2104  Chestnut St BLDG,19103
Bread Top House,1041  Race St,19107
Bobby's Pretzel,2327  Cottman Ave   a,19149
Beiler's Bakery,45 N 12th St   1105,19107
Bo Sing,4006  Market St,19104
Brysi,3200  Walnut St,19104
Cannstater Volkfest Verein,9130  Academy Rd,19114
Back Home Cafe,1515  Fairmount Ave,19130
Aladdin Pizza & Eatery,4746  Spruce St,19139
900 Diamond,901  Diamond St,19122
Baker Street,8009  Germantown Ave,19118
Cafe Canela Deli,2201 S 7th St,19148
Bralow's Fresh Fish & Seafood,8006  Horrocks St,19152
Capital Beer,2661 E Cumberland St,19125
Bento Tokyo,2  Penn Center Blvd   104,19102
55 Bar,5559 N 5th St,19120
Bourbon Blue,2  Rector St,19127
Carmen's Famous Italian Hoagies,45 N 12th St   268,19107
Billie's Boomer,227 S 52nd St,19139
Annie's Kitchen,7201  Woodland Ave  A,19142
Chick-Fil-A,9711  Roosevelt Blvd   c,19114
Chen Happy Garden,6003  Lansdowne Ave,19151
Al-Khartoun Echo Restaurant,4403  Chestnut St,19104
52nd Street Food Market,1401 S 52nd St,19143
CBP 126 Germantown Ave Grill,1001  Pattison Ave   126,19148
Chillin Pizza and Restauant,6545  Elmwood Ave,19142
Bennett's Dew Drop Inn,1017 W Cumberland St,19133
Cathy's Crossing Bar & Grill,2537 E Ontario St,19134
Bu Bu Deli,3153 N 22nd St,19132
Allegheny Restaurant Inc,2232 W Allegheny Ave,19132
Bless Restaurant,2660 S 67th St,19142
Ben & Jerry's Ice Cream,218 S 40th St,19104
Broadway Theatrical Club,2529 S 13th St,19148
All One Stop,5222 N 05th St,19120
Calloway's Irish Inn,3267  Cottman Ave,19149
Cafe Casta Diva,227 S 20th St,19103
Chico's Bar,800 W Wingohocking St,19140
Brunic's,2000 S 17th St,19145
Chick-Fil-A #0437,1625  Chestnut St   food court,19103
Burger King #2471,2359 W Oregon Ave,19145
Accenture Cafe,220 S 33rd St,19104
Cafe Song Ngoc,2537  Kensington Ave,19125
Best Western Rodin Cafe-B&W; Sports Bar,501 N 22nd St,19130
BTL Deli,5500  Greenway Ave,19143
Burger.Org,1901  Chestnut St LOWR,19103
Burger King #10826,4700 N Broad St,19141
2 Street Cafe,901  Market St   105,19107
Amato's Deli,3000 S Sydenham St,19145
Bruno's Pizza,1838 W Cheltenham Ave,19126
Buffy's Corner,2800 N 24th St,19132
Caribou Cafe,1126  Walnut St,19107
Carangi Baking Co.,2655 S Iseminger St,19148
Big Mike's Steaks (Jerry's Corner),6098 W Passyunk Ave,19142
Cacia's Bakery,1526  Ritner St,19145
Boston Market,9113  Roosevelt Blvd,19114
Bridges Cafe,5136  Torresdale Ave,19124
All Day Diner,5009 N 5th St,19120
Chestnut Hill Cheese Shop,8509  Germantown Ave,19118
Alfa/Walnut Room,1709  Walnut St,19103
Carly's Cafe at the Express,5070  Parkside Ave,19131
CBP W1 Warehouse,1001  Pattison Ave   w1,19148
CBP 143 Harry the K's,1001  Pattison Ave   143,19148
Best Beer,6603 W Chew Ave,19119
C1 Bakery Cafe,6610  Castor Ave,19149
Back-a-yard Jamaican Restaurant,308 S 52nd St,19139
Casa Bella Pizzeria,2625 E Tioga St,19134
CBP 101 Campo's,1001  Pattison Ave   101,19148
Amer. Legion Chas. P. McMenamy Post 178,8041  Frankford Ave,19136
29th Oxford Street Restaurant,2843 W Oxford St,19121
Bourbon & Branch,705 N 2nd St,19123
Au Bon Pain (Temporary Eatery) Mezzanine Alumni Hall,1020  Locust St,19107
56 Food Market,2001 S 07th St,19148
Aloosh Restaurant,3600  Lancaster Ave,19104
Angelo's Restaurant & Pizzeria,11036  Rennard St,19116
Celebre's Pizzeria,1536  Packer Ave,19145
Alessandro's Pizza & Grill,655 N Broad St,19123
Catering Solutions,8121  Rowland Ave,19136
Agiato,4359  Main St,19127
Blackbird Pizzaria,507 S 6th St,19147
Cafe Nhuy,802  Christian St,19147
17 Snyder,2100 S 17th St,19145
Academy of Music,240 S Broad St,19102
Aplus Mini Market #060206,3200 W Cheltenham Ave,19150
11th St Pizzeria,1100  11th St,19148
Checkers Restaurant,3709 N Broad St,19140
Aya's Cafe,2129  Arch St,19103
Cactus Restaurant and Bar,4243  Main St   a,19127
Cafe Michelangelo,11901  Bustleton Ave,19116
Capriccio,110 N 16th St,19102
Barrett Charles,5920  Greene St,19144
Auntie Anne's (Terminal C),8500  Essington Ave,19153
Cafe Venice,1080 N Delaware Ave,19125
Cafe L' Aube,222 W Rittenhouse Sq   On Locust Street Side of the Blg.,19103
Capogiro Gelato Artisans,117 S 20th St,19103
Anthony's Chocolate House,915 S 09th St,19147
BP Amoco Food Shop,813 N Broad St,19123
Cafe at Williams Hall,255 S 36th St,19104
Big Daddy Pizza,1916  Welsh Rd  14,19115
5600 Albert Inc,5600  Lansdowne Ave,19131
Brown Chicken Brown Cow,1321 S 2nd St,19147
Byrne's Tavern,3301  Richmond St,19134
Artisian Boulanger Pratissier,1218  Mifflin St,19148
7165 Lounge,7165  Germantown Ave,19119
"Cassidy, Kim/Auntie Annes/Irish Ice/ Tent #1 lower level  #002203 permanent special event",211 S Columbus Blvd   Great plaza lower level,19147
CBP 226 Phillies Executive Kitchen,1001  Pattison Ave   226,19148
Ba Le Bakery,606  Washington Ave,19147
"Brian's Seafood, LLc dba BSFD",1901 N 27th St,19121
2 Saffron Indian Cuisine,3240 N Broad St,19140
Aksum,4630  Baltimore Ave,19143
Bourbon Street Cafe,901  Market St   2,19107
Cheech's  Beef and Ale,2654  12 St,19148
China Express,1001  Market St,19107
Chang San Restaurant,817  Snyder Ave,19148
48th Street Donut,4810  Spruce St,19139
Chilango Taco,3300  Memphis St,19134
Anna's Pizza,6211  Lancaster Ave,19151
Ah Topper Chinese Restaurant,2512  Ridge Ave,19121
Ariana Restaurant,134  Chestnut St,19106
Bentley's Place,2800  D St,19134
Andys Andy  Bar,400 W Cayuga St   a,19140
CBP 128 South Philly Market,1001  Pattison Ave   128,19148
Adam's Cafe,1001  Market St   107,19107
Carlette's Backyard Inc.,5701  Elmwood Ave,19143
Archdiocese of Philadelphia Cafeteria,222 N 17th St FLOOR 13th,19103
1518 Bar and Grill,1518  Sansom St BLDG,19102
Arch St. Cafe 900,900  Arch St,19107
CBP 023 Diamond Club,1001  Pattison Ave   2.27.01,19148
Cafe Cuong,811 S 08th St,19147
Ahi Sushi,9951  Bustleton Ave,19115
Casiques Lounge,522 E Westmoreland St,19134
Almaz Ethiopian Cafe,140 S 20th St,19103
Bamboo Bar,6238  Bustleton Ave   1,19149
Byun Sat Do,6201 N Front St  120,19120
Blue & Gold Commons @ La Salle,1924 W Olney Ave,19141
Bibou BYOB,1009 S 8th St,19147
"Baan Thai, Thai Cuisine",1030 N American St UNIT 701,19123
Al's Katnip Cafe,412 S 54TH St,19143
Artisserie Chocolate Cafe,3421  Walnut St,19104
Arch Food Market,101 N 53rd St,19139
Bravo Pizza,1323 W Lindley Ave,19141
Big Boys,6240  Chew Ave,19138
Baba Olga's Cafe & Supper Club @ Material Culture,4700  Wisshickon Ave STE 101,19144
Chima Steakhouse,1901  John F. Kennedy Blvd FLOOR 1 1st,19103
APO Bar & Lounge dba The Corner,102 S 13th St   A,19107
Au Bon Pain (Terminal F),8500  Essington Ave   ZZ,19153
Bridesburg Pub,4254  Richmond St,19137
Bellisima Pizzeria,7816  Castor Ave,19152
All Good Bar,3709  Schuyler St   a,19140
Ben & Jerry's/Philly Pretzel Factory/Wholly Cow Chocolates,3400  Civic Center Blvd,19104
60th Street Pizza,5956  Chester Ave,19143
Chef's Market,231  South St,19106
CBP 221 Press Kitchen,1001  Pattison Ave   5.24.03,19148
BP Shop,4131  Whitaker Ave,19124
2015 Moyamensing LLC,2015  Moyamensing,19146
Angelo's Pizza Kitchen,6920  Bustleton Ave,19149
Ben & Jerry's (Main Est.),2951  Market St   a,19104
Anthony's Saloon,2351 S Front St,19148
49 Stop Supermarket,4847  Walnut St,19139
